DROP DATABASE IF EXISTS `HAVILAH SPRING METROPOLITAN COLLEGE`;
CREATE DATABASE `HAVILAH SPRING COLLEGE`;
USE `HAVILAH SPRING METROPOLITAN COLLEGE`;



CREATE TABLE teachers_salary (
  teachers_id INT NOT NULL,
  first_name VARCHAR(50),
  last_name VARCHAR(50),
  age INT,
  gender VARCHAR(10),
  salary VARCHAR(50),
  PRIMARY KEY (teachers_id)
);

CREATE TABLE teachers_data (
  teachers_id INT NOT NULL,
  first_name VARCHAR(50) NOT NULL,
  last_name VARCHAR(50) NOT NULL,
  subjects VARCHAR(50),
  classes VARCHAR(50),
  phone_number VARCHAR(50),
);


INSERT INTO teachers_data (teachers_id, first_name, last_name, subjects, classes, phone_number)
VALUES
(1, 'Mark', 'Esther', 'Economics, Geography', 'sss1, sss2, sss3', '070-194-171-24'),
(2, 'Adetiba', 'Mercy', 'French', 'jss1, jss2, jss3, sss1', '070-975-417-28'),
(3, 'Ola-Solomon', 'Mojisola', 'Accounting, Commerce', 'sss1, sss2', '080-677-406-73'),
(4, 'Chibogwu', 'Isaiah', 'Basic Tech, computer science', 'jss1, jss2, jss3', '080-624-878-29'),
(5, 'Aderibigbe', 'Dorcas', 'Social Studies', 'jss1, jss2, jss3', '081-631-097-71'),
(6, 'Abiola', 'Rose', 'Basic Science', 'Pry 5', '080-690-340-03'),
(7, 'Moses', 'Comfort', 'Basic Science', 'Pry 1', '080-326-435-51'),
(8, 'Adekunle', 'Kehinde', 'Math', 'Pry 2', '070-352-355-56'),
(9, 'Olorunjuwon', 'Anthonia', 'Social Studies', 'Nursery 2', '081-684-399-06'),
(10, 'Bamigboye', 'Folasade', 'English Language', 'Nursery 1', '080-653-062-81'),
(11, 'Oyebode', 'Victor', 'Yoruba Language', 'jss1, jss2, jss3', '070-381-230-72'),
(12, 'Promise', 'Oyedele', 'Physics, TechnicaL drawing', 'sss1, sss2, sss3', '081-029-647-04'),
(13, 'Sam', 'Omolehin', 'English Language, Literature', 'sss1, sss2, sss3', '090-761-015-18'),
(14, 'Ibitoyes', 'Kayode', 'Animal Husbandry, Biology', 'sss1, sss2, sss3', '080-362-808-21'),
(15, 'Onuorah', 'Ginika', 'Business Studies, Mathematics', 'jss1, jss2, jss3', '081-625-806-37'),
(16, 'Odo', 'Stella', 'All subjects', 'Pre-School', '090-688-607-10'),
(17, 'Peter', 'Rebecca', 'All subjects', 'Pre-school', '070-334-143-45'),
(18, 'Adegboyega', 'Aderonke', 'Fine Arts', 'Pry 3', '080-696-563-23'),
(19, 'Ademola', 'Mary', 'Social Studies, History, CRS', 'jss1, jss2, jss3', '081-345-670-00');


INSERT INTO teachers_salary (teachers_id, first_name, last_name, age, gender, salary)
VALUES
(1, 'Mark', 'Esther', 44, 'Female', 40000),
(2, 'Adetiba', 'Mercy', 36, 'Female', 90000),
(3, 'Ola-Solomon', 'Mojisola', 29, 'Female', 70000),
(4, 'Chibogwu', 'Isaiah', 61, 'Male', 50000),
(5, 'Aderibigbe', 'Dorcas', 46, 'Female', 45000),
(6, 'Abiola', 'Rose', 35, 'Female', 60000),
(7, 'Moses', 'Comfort', 43, 'Male', 50000),
(8, 'Adekunle', 'Kehinde', 38, 'Male', 60000),
(9, 'Olorunjuwon', 'Anthonia', 40, 'Male', 60000),
(10, 'Bamigboye', 'Folasade', 37, 'Male', 40000),
(11, 'Oyebode', 'Victor', 36, 'Female', 40000),
(12, 'Promise', 'Oyedele', 29, 'Female', 40000),
(13, 'Sam', 'Omolehin', 61, 'Male', 70000),
(14, 'Ibitoyes', 'Kayode', 46, 'Male', 45000),
(15, 'Onuorah', 'Ginika', 35, 'Female', 40000),
(16, 'Odo', 'Stella', 43, 'Female', 60000),
(17, 'Peter', 'Rebecca', 38, 'Female', 50000),
(18, 'Adegboyega', 'Aderonke', 34, 'Female', 50000),
(19, 'Ademola', 'Mary', 34, 'Female', 50000);




CREATE TABLE college_departments (
  department_id INT NOT NULL,
  department_name varchar(50) NOT NULL,
  PRIMARY KEY (department_id)
);

INSERT INTO college_departments (department_name)
VALUES
('Science'),
('Art'),
('Commercial'),
('Technology'),
('Sports');

CREATE TABLE Students_data (
  admission_number VARCHAR(50) NOT NULL,
  first_name VARCHAR(50),
  last_name VARCHAR(50),
  date_of_birth VARCHAR(50),
  gender VARCHAR(10),
  Class VARCHAR(50),
  PRIMARY KEY (admission_number)
);



INSERT INTO Students_data (admission_number, first_name, last_name, date_of_birth, gender, Class)
VALUES
('HSC/168/18', 'Yisa', 'Favourofgod', '21-09-08', 'Female', 'sss3'),
('HSC/169/18', 'Abdulganool', 'Omowunmi', '19-01-05', 'Female', 'sss3'),
('HSC/170/18', 'Akande', 'Aliyah', '27-04-09', 'Female', 'sss3'),
('HSC/171/18', 'Akintokun', 'Success', '23-04-06', 'Male', 'sss3'),
('HSC/172/18', 'Eleja', 'Mohammed', '23-03-09', 'Male', 'sss3'),
('HSC/173/18', 'Abayomi', 'Samuel', '27-08-06', 'Male', 'sss3'),
('HSC/174/18', 'Olusanya', 'Samuel', '27-02-07', 'Male', 'sss3'),
('HSC/175/18', 'Akintokun', 'Victor', '30-01-06', 'Male', 'sss3'),
('HSC/176/18', 'Olanipekun', 'Francis', '09-06-09', 'Male', 'sss3'),
('HSC/177/18', 'Ayepekun', 'Racheal', '02-03-09', 'Female', 'sss3'),
('HSC/178/18', 'Adejumo', 'Nifemi', '02-02-08', 'Female', 'sss3'),
('HSC/179/18', 'Akande', 'Sulyman', '06-09-09', 'Male', 'sss3'),
('HSC/180/18', 'Abejide', 'Damilola', '15-07-06', 'Female', 'sss3'),
('HSC/181/18', 'Abdulgafar', 'Rasak', '07-01-09', 'Male', 'sss3'),
('HSC/182/18', 'Uade', 'Favour', '23-08-05', 'Female', 'sss3'),
('HSC/183/18', 'Oladoja', 'Marvelous', '19-08-09', 'Male', 'sss3'),
('HSC/184/18', 'Aro', 'Happiness', '07-10-08', 'Female', 'sss3'),
('HSC/185/18', 'Alabi', 'Aliyat', '20-04-08', 'Female', 'sss3'),
('HSC/186/18', 'Komolafe', 'Samuel', '07-09-07', 'Male', 'sss3'),
('HSC/187/18', 'Yahyah', 'Abdulgafar', '26-06-06', 'Male', 'sss3'),
('HSC/188/18', 'Adesina', 'Erioluwa', '18-12-07', 'Male', 'sss3'),
('HSC/189/18', 'Adewunmi', 'Oyindamola', '20-10-04', 'Female', 'sss3'),
('HSC/190/18', 'Abiodun', 'Ayomide', '22-02-05', 'Male', 'sss3'),
('HSC/191/18', 'Olowoleni', 'Favour', '13-02-09', 'Female', 'sss3'),
('HSC/192/18', 'Adegoke', 'Precious', '20-05-08', 'Female', 'sss3'),
('HSC/193/18', 'Mopa', 'Princess', '10-06-08', 'Female', 'sss3'),
('HSC/194/18', 'Aborisade', 'Rosemary', '22-06-07', 'Female', 'sss3'),
('HSC/195/18', 'Olasehinde', 'Queen', '19-05-09', 'Female', 'sss3'),
('HSC/196/18', 'Kolo', 'Elizabeth', '28-10-07', 'Female', 'sss3'),
('HSC/197/18', 'Ayerin', 'Imoleoluwa', '10-06-08', 'Female', 'sss3'),
('HSC/198/18', 'Ndazhaga', 'Comfort', '07-09-07', 'Female', 'sss3'),
('HSC/199/18', 'Abdulrauf', 'Fathia', '13-10-08', 'Female', 'sss3'),
('HSC/200/18', 'Onifade', 'Tope', '29-11-96', 'Female', 'sss3'),
('HSC/201/18', 'Ibiwoye', 'Damilola', '02-13-06', 'Female', 'sss3'),
('HSC/202/18', 'Ibiwoye', 'Victor', '31-12-02', 'Male', 'sss3'),
('HSC/203/18', 'Abdulrasaq', 'Semiu', '16-04-07', 'Male', 'sss3'),
('HSC/204/18', 'Abdularasaq', 'Muizz', '22-12-05', 'Male', 'sss3'),
('HSC/205/18', 'Adeniyi', 'Emmanuel', '31-10-05', 'Male', 'sss3'),
('HSC/206/18', 'Joshua', 'Tabitha', '18-06-07', 'Female', 'sss3'),
('HSC/207/18', 'Adekunle', 'Ifeoluwa', '05-08-07', 'Female', 'sss3'),
('HSC/208/18', 'Ajayi', 'Joy', '21-09-05', 'Female', 'sss3'),
('HSC/209/18', 'Paul', 'Preciuos', '09-02-08', 'Female', 'sss3'),
('HSC/210/18', 'Ndazhaga', 'Rapheal', '22-05-04', 'Female', 'sss3'),
('HSC/211/18', 'Joshua', 'George', '16-04-07', 'Male', 'sss3'),
('HSC/212/18', 'Adewunmi', 'Faith', '22-12-05', 'Female', 'sss3'),
('HSC/213/18', 'Olajide', 'David', '31-10-05', 'Male', 'sss3'),
('HSC/214/18', 'Olajide', 'Elizabeth', '29-11-18', 'Female', 'sss3'),
('HSC/215/18', 'Timothy', 'Beatrice', '09-01-08', 'Female', 'sss3'),
('HSC/216/18', 'Olonade', 'Oluwagbotemi', '17-10-05', 'Female', 'sss3'),
('HSC/217/18', 'Demas', 'John', '25-08-07', 'Male', 'sss3'),
('HSC/218/18', 'Joseph', 'Jenifa', '25-06-02', 'Female', 'sss3'),
('HSC/219/18', 'Mohammed', 'Musa', '24-12-03', 'Male', 'sss3'),
('HSC/220/19', 'Shittu', 'Aaron', '', 'Male', 'sss2'),
('HSC/221/19', 'Ugochukwu', 'Goodluck', '', 'Male', 'sss2'),
('HSC/222/19', 'Yusuf', 'Mubarak', '', 'Male', 'sss2'),
('HSC/223/19', 'Udoh', 'Precious', '', 'Female', 'sss2'),
('HSC/224/19', 'Olajide', 'Precious', '', 'Female', 'sss2'),
('HSC/225/19', 'Aderemi', 'Oluwatoyosi', '', 'Female', 'sss2'),
('HSC/226/19', 'Olasehinde', 'John', '', 'Male', 'sss2'),
('HSC/227/19', 'Ogunjobi', 'Blessing', '', 'Female', 'sss2'),
('HSC/228/19', 'Oluwashola', 'Olamide', '', 'Male', 'sss2'),
('HSC/229/19', 'Oderinde', 'Oyindamola', '', 'Female', 'sss2'),
('HSC/230/19', 'Oyegbata', 'Helen', '', 'Female', 'sss2'),
('HSC/231/19', 'Okose', 'Miracle', '', 'Male', 'sss2'),
('HSC/232/19', 'Ojo', 'Loveth', '', 'Female', 'sss2'),
('HSC/233/19', 'Agbuusu', 'Precious', '', 'Female', 'sss2'),
('HSC/234/19', 'Mumini', 'Ismail', '', 'Male', 'sss2'),
('HSC/235/19', 'Mumini', 'Sulaiman', '', 'Male', 'sss2'),
('HSC/236/19', 'Abdullahi', 'Toheeb', '', 'Male', 'sss2'),
('HSC/237/19', 'Adenigba', 'Bashit', '', 'Male', 'sss2'),
('HSC/238/19', 'Ibrahim', 'Kabir', '', 'Male', 'sss2'),
('HSC/239/19', 'Ajiboye', 'Deborah', '', 'Female', 'sss2'),
('HSC/240/19', 'Abejide', 'Eniola', '', 'Male', 'sss2'),
('HSC/241/19', 'Olanrewaju', 'Promise', '', 'Male', 'sss2'),
('HSC/242/19', 'Uthman', 'Sulaiman', '', 'Male', 'sss2'),
('HSC/243/19', 'Agunbiade', 'Abdulsamad', '', 'Male', 'sss2'),
('HSC/244/19', 'Adedamola', 'Oluwaferanmi', '', 'Male', 'sss2'),
('HSC/245/19', 'Falola', 'Oluwasegun', '', 'Male', 'sss2'),
('HSC/246/19', 'Isiaka', 'Azeezat', '', 'Female', 'sss2'),
('HSC/247/19', 'Blessing', 'Osasona', '', 'Female', 'sss2'),
('HSC/248/19', 'Sanni', 'Wasilat', '', 'Female', 'sss2'),
('HSC/249/19', 'Emmanuel', 'Abraham', '', 'Male', 'sss2'),
('HSC/250/19', 'Joshua', 'Stephanie', '', 'Male', 'sss2'),
('HSC/251/19', 'Johnson', 'Awesome', '', 'Male', 'sss2'),
('HSC/252/19', 'Olajide', 'Samuel', '', 'Male', 'sss2'),
('HSC/253/19', 'Amao', 'Emmanuel', '', 'Male', 'sss2'),
('HSC/254/19', 'Adebayo', 'Tejumola', '', 'Male', 'sss2'),
('HSC/254B/19', 'Oyeniyi', 'Precious', '', 'Female', 'sss2'),
('HSC/253B/19', 'Oyeniyi', 'David', '', 'Male', 'sss2'),
('HSC/252B/19', 'Olatunde', 'Solomon', '', 'Male', 'sss2'),
('HSC/251B/19', 'Adeyemi', 'Folakunmi', '', 'Female', 'sss2'),
('HSC/250B/19', 'Adeusi', 'Success', '', 'Female', 'sss2'),
('HSC/249B/19', 'Oladipupo', 'Marvelous', '', 'Male', 'sss2'),
('HSC/248B/19', 'Bioh', 'James', '', 'Male', 'sss2'),
('HSC/247B/19', 'Adetifa', 'Elijah', '', 'Male', 'sss2'),
('HSC/246B/19', 'Babalola', 'Jesupelumi', '', 'Female', 'sss2'),
('HSC/255/20', 'Adekunle', 'Adeniyi', '28-08-09', 'Male', 'sss1'),
('HSC/256/20', 'Jayeola', 'Mayokun', '01-05-10', 'Female', 'sss1'),
('HSC/257/20', 'Dada', 'Aisha', '11-06-07', 'Female', 'sss1'),
('HSC/258/20', 'Richard', 'Enoch', '10-11-11', 'Male', 'sss1'),
('HSC/259/20', 'David', 'Marvelous', '06-07-06', 'Male', 'sss1'),
('HSC/260/20', 'David', 'Okiki', '28-01-10', 'Male', 'sss1'),
('HSC/261/20', 'Muritala', 'Faith', '31-12-09', 'Female', 'sss1'),
('HSC/262/20', 'Ogunjobi', 'Ruth', '22-04-09', 'Female', 'sss1'),
('HSC/263/20', 'Modu', 'Wisdom', '', 'Male', 'sss1'),
('HSC/264/20', 'Mnguuma', 'Saviour', '29-05-08', 'Male', 'sss1'),
('HSC/265/20', 'Abodunrin', 'Samuel', '24-09-08', 'Male', 'sss1'),
('HSC/266/20', 'Olatunde', 'Sarah', '16-12-05', 'Female', 'sss1'),
('HSC/267/20', 'Akinola', 'Ayobami', '15-04-10', 'Female', 'sss1'),
('HSC/268/20', 'Afolabi', 'Inioluwa', '14-02-10', 'Female', 'sss1'),
('HSC/269/20', 'Fadeyibi', 'Emmanuella', '06-04-10', 'Female', 'sss1'),
('HSC/270/20', 'Kolawole', 'Joseph', '14-10-10', 'Male', 'sss1'),
('HSC/271/20', 'Olumo', 'Fatima', '09-02-10', 'Female', 'sss1'),
('HSC/272/20', 'Adewole', 'Iyanu', '05-05-05', 'Female', 'sss1'),
('HSC/273/20', 'Adewunmi', 'Joan', '10-07-11', 'Female', 'sss1'),
('HSC/274/20', 'Abdulroheem', 'Abdulrasak', '04-11-09', 'Male', 'sss1'),
('HSC/275/20', 'Abdulrauf', 'Baliqis', '04-11-09', 'Female', 'sss1'),
('HSC/276/20', 'Afolabi', 'Daniel', '28-01-09', 'Male', 'sss1'),
('HSC/277/20', 'Oladipupo', 'Rachael', '', 'Female', 'sss1'),
('HSC/278/20', 'Olamiji', 'Opadere', '', 'Male', 'sss1'),
('HSC/279/20', 'Ogungbeje', 'Olumide', '', 'Male', 'sss1'),
('HSC/280/20', 'Oladimeji', 'Wasilat', '', 'Female', 'sss1'),
('HSC/281/20', 'Alabi', 'Wasilat', '', 'Female', 'sss1'),
('HSC/282/20', 'Olaniyi', 'Precious', '', 'Female', 'sss1'),
('HSC/283/20', 'Akinola', 'Funmilola', '', 'Female', 'sss1'),
('HSC/284/20', 'Benjamin', 'Gloryofgod', '', 'Female', 'sss1'),
('HSC/285/20', 'Benjamin', 'Sarah', '', 'Female', 'sss1'),
('HSC/286/20', 'Ayanwole', 'Amos', '', 'Male', 'sss1'),
('HSC/287/20', 'Yisa', 'Visionofgod', '', 'Female', 'sss1'),
('HSC/288/20', 'Adeyemo', 'Stephen', '', 'Male', 'sss1'),
('HSC/289/20', 'Oyegbata', 'Gbolahan', '', 'Male', 'sss1'),
('HSC/290/20', 'Lambe', 'Grace', '', 'Female', 'sss1'),
('HSC/291/20', 'Ojo', 'Martins', '', 'Male', 'sss1'),
('HSC/292/20', 'Aderibigbe', 'Mercy', '', 'Female', 'sss1'),
('HSC/293/20', 'Bamigboye', 'Enoch', '', 'Male', 'sss1'),
('HSC/294/20', 'Olaoye', 'Praise', '', 'Male', 'sss1'),
('HSC/295/20', 'Saliu', 'Shina', '', 'Male', 'sss1'),
('HSC/296/20', 'Mahamoud', 'Queen', '', 'Female', 'sss1'),
('HSC/297/20', 'Abdulkareem', 'Waliyullahi', '', 'Male', 'sss1'),
('HSC/298/20', 'Oboh', 'Cynthia', '', 'Female', 'sss1'),
('HSC/299/20', 'Abdulrasaq', 'Abdulsemiu', '', 'Male', 'sss1'),
('HSC/300/20', 'Yahaya', 'Aminat', '20-02-09', 'Female', 'sss1'),
('HSC/317/21', 'Kabir', 'Muhammed', '19-06-12', 'Male', 'jss3'),
('HSC/318/21', 'Babalola', 'Abdulralam', '17-10-11', 'Male', 'jss3'),
('HSC/319/21', 'Fayomi', 'Ilerioluwa', '07-05-11', 'Female', 'jss3'),
('HSC/320/21', 'Onilude', 'Adunife', '09-06-10', 'Female', 'jss3'),
('HSC/321/21', 'Shittu', 'Oluwatimilehin', '19-06-12', 'Male', 'jss3'),
('HSC/322/21', 'Umeh', 'Emmanuella', '28-02-09', 'Female', 'jss3'),
('HSC/323/21', 'Umeh', 'Peace', '20-02-07', 'Female', 'jss3'),
('HSC/324/21', 'Fadgbenja', 'Ayomide', '22-01-11', 'Male', 'jss3'),
('HSC/325/21', 'Alabi', 'Deborah', '20-10-11', 'Female', 'jss3'),
('HSC/326/21', 'Kabir', 'Maryam', '11-12-02', 'Male', 'jss3'),
('HSC/327/21', 'Ezekiel', 'Olamide', '16-11-10', 'Male', 'jss3'),
('HSC/328/21', 'Jimoh', 'Nafisat', '25-03-09', 'Female', 'jss3'),
('HSC/329/21', 'Ezekiel', 'Praise', '04-10-07', 'Female', 'jss3'),
('HSC/330/21', 'Issa', 'Favour', '20-03-10', 'Male', 'jss3'),
('HSC/331/21', 'Akintikun', 'Beloved', '08-02-11', 'Female', 'jss3'),
('HSC/332/21', 'Alademehin', 'Favour', '', 'Male', 'jss3'),
('HSC/333/21', 'Balogun', 'Faruq', '07-10-11', 'Male', 'jss3'),
('HSC/334/21', 'Isiaka', 'Fathia', '', 'Female', 'jss3'),
('HSC/335/21', 'Oluwashola', 'Faith', '08-09-11', 'Male', 'jss3'),
('HSC/336/21', 'Amos', 'Loveth', '05-09-11', 'Female', 'jss3'),
('HSC/337/21', 'Emmanuel', 'Gold', '22-09-11', 'Male', 'jss3'),
('HSC/338/21', 'Adedire', 'Rebacca', '', 'Female', 'jss3'),
('HSC/339/21', 'Owolabi', 'Mercy', '09-04-11', 'Female', 'jss3'),
('HSC/340/21', 'Sofiat', 'Sidiq', '03-03-12', 'Female', 'jss3'),
('HSC/341/21', 'Olusanya', 'Elizabeth', '19-09-21', 'Female', 'jss3'),
('HSC/342/21', 'Ezekiel', 'Naomi', '16-11-10', 'Female', 'jss3'),
('HSC/343/21', 'Odunayo', 'Emmanuel', '26-10-10', 'Male', 'jss3'),
('HSC/344/21', 'Malomo', 'Semilore', '', 'Male', 'jss3'),
('HSC/345/21', 'Emmanuel', 'Chononso', '16-05-12', 'Male', 'jss3'),
('HSC/346/21', 'Morenikeji', 'Sharon', '15-02-11', 'Female', 'jss3'),
('HSC/347/21', 'Adekunle', 'Mariam', '', 'Female', 'jss3'),
('HSC/348/21', 'Daniel', 'Nsisong', '23-04-13', 'Male', 'jss3'),
('HSC/349/21', 'Odo', 'Loveth', '22-07-11', 'Female', 'jss3'),
('HSC/350/21', 'Mopa', 'Princess', '10-02-09', 'Female', 'jss3'),
('HSC/351/21', 'Samson', 'Godwin', '12-05-10', 'Male', 'jss3'),
('HSC/352/21', 'Gideon', 'Blessing', '11-05-11', 'Female', 'jss3'),
('HSC/353/21', 'Olaiya', 'Damilola', '01-04-11', 'Female', 'jss3'),
('HSC/354/21', 'Mubaraka', 'Eleja', '01-04-10', 'Male', 'jss3'),
('HSC/355/21', 'Adebayo', 'Ifeoluwa', '30-10-10', 'Female', 'jss3'),
('HSC/356/21', 'Aborisade', 'Veronica', '20-08-10', 'Female', 'jss3'),
('HSC/357/21', 'Olugbami', 'Daniel', '06-04-11', 'Male', 'jss3'),
('HSC/358/21', 'Jacob', 'King', '', 'Male', 'jss3'),
('HSC/359/21', 'Abdukadir', 'Ibrahim', '', 'Male', 'jss3'),
('HSC/360/21', 'Immosemi', 'Emmanuel', '', 'Male', 'jss3'),
('HSC/361/21', 'Adebisi', 'Ayomide', '', 'Female', 'jss3'),
('HSC/362/21', 'Salami', 'Oluwatosin', '10-10-10', 'Male', 'jss3'),
('HSC/363/22', 'Oladele', 'Gideon', '03-02-11', 'Male', 'jss2'),
('HSC/364/22', 'Oloyede', 'Peter', '16-11-11', 'Male', 'jss2'),
('HSC/365/22', 'Ojo', 'William', '03-03-12', 'Male', 'jss2'),
('HSC/366/22', 'Abdulrasheed', 'Lukemon', '17-10-10', 'Male', 'jss2'),
('HSC/367/22', 'Julius', 'Favour', '02-02-11', 'Male', 'jss2'),
('HSC/368/22', 'Babayeju', 'Deric', '', 'Male', 'jss2'),
('HSC/369/22', 'Ogungbeje', 'Bolade', '07-10-12', 'Male', 'jss2'),
('HSC/370/22', 'Adebayo', 'Heritage', '07-12-11', 'Male', 'jss2'),
('HSC/371/22', 'Amao', 'Favour', '05-08-12', 'Male', 'jss2'),
('HSC/372/22', 'Adeyemo', 'Inioluwa', '12-03-11', 'Female', 'jss2'),
('HSC/373/22', 'Abiola', 'Blessing', '07-02-11', 'Female', 'jss2'),
('HSC/374/22', 'Balogun', 'Aishat', '08-09-11', 'Male', 'jss2'),
('HSC/375/22', 'Yoana', 'Christopher', '26-02-12', 'Male', 'jss2'),
('HSC/376/22', 'Afolabi', 'Mercy', '20-04-23', 'Female', 'jss2'),
('HSC/377/22', 'Odion', 'Demilade', '28-04-10', 'Male', 'jss2'),
('HSC/378/22', 'Soliu', 'Abdulquadir', '', 'Male', 'jss2'),
('HSC/379/22', 'Soliu', 'Abdulquadir', '20-09-09', 'Male', 'jss2'),
('HSC/380/22', 'Lukman', 'Abidat', '28-03-09', 'Male', 'jss2'),
('HSC/381/22', '', '', '', '', 'jss2'),
('HSC/382/22', 'Ezekiel', 'Happiness', '11-07-08', 'Female', 'jss2'),
('HSC/383/22', 'Yoane', 'Emmanuel', '03-04-09', 'Male', 'jss2'),
('HSC/384/22', 'Omolade', 'Bolaji', '10-11-10', 'Female', 'jss2'),
('HSC/385/22', 'Oladele', 'Favour', '08-04-06', 'Male', 'jss2'),
('HSC/386/22', 'Ayinla', 'Oreoluwa', '10-11-08', 'Male', 'jss2'),
('HSC/387/22', 'Abdulquadir', 'Rodiat', '23-09-10', 'Female', 'jss2'),
('HSC/388/22', 'Olumo', 'Ibrahim', '13-07-12', 'Male', 'jss2'),
('HSC/389/22', 'Usuf', 'Adebayo', '', '22-04-12', 'jss2'),
('HSC/390/22', 'Abdulkadir', 'Qudus', '01-03-13', 'Male', 'jss2'),
('HSC/391/22', 'Afolabi', 'Mercy', '20-04-12', 'Female', 'jss2'),
('HSC/392/22', 'Sulu-Gambari', 'Shaoban', '30-03-12', 'Male', 'jss2'),
('HSC/393/22', 'Mmguma', 'Favour', '20-10-12', 'Male', 'jss2'),
('HSC/394/22', 'Oladipupo', 'John', '20-03-12', 'Male', 'jss2'),
('HSC/395/22', 'Usuf', 'Ademola', '', 'Male', 'jss2'),
('HSC/396/22', 'Adedayo', 'Akorede', '', 'Male', 'jss2'),
('HSC/397/22', 'Oluwatosin', 'Emmanuel', '', 'Male', 'jss2'),
('HSC/397B/22', 'Arisekola', 'Toyib', '', 'Male', 'jss2'),
('HSC/398/23', 'Abdulmajeed', 'Jamiu', '', 'Male', 'jss1'),
('HSC/399/23', 'Adebisi', 'Victor', '09-07-12', 'Male', 'jss1'),
('HSC/400/23', 'Adedeji', 'Samuel', '09-09-13', 'Male', 'jss1'),
('HSC/401/23', 'Adedamola', 'Daniel', '17-01-13', 'Male', 'jss1'),
('HSC/402/23', 'Dada', 'Sodiq', '02-02-12', 'Male', 'jss1'),
('HSC/403/23', 'Adedamola', 'Gabriel', '07-05-14', 'Male', 'jss1'),
('HSC/404/23', 'Dada', 'Yahaya', '11-09-12', 'Male', 'jss1'),
('HSC/405/23', 'Hamzat', 'Nuyideen', '15-06-12', 'Male', 'jss1'),
('HSC/406/23', 'Magaji', 'Jamiu', '25-08-11', 'Male', 'jss1'),
('HSC/407/23', 'Prince', 'Emmanuel', '26-11-11', 'Male', 'jss1'),
('HSC/408/23', 'Oladunjoye', 'Lucas', '', '', 'jss1'),
('HSC/409/23', 'Sikiru', 'Kazeem', '11-04-13', 'Male', 'jss1'),
('HSC/410/23', 'Oyegbata', 'Oyindamola', '06-01-13', 'Female', 'jss1'),
('HSC/411/23', 'Titiloye', 'Olarewaju', '28-05-11', 'Male', 'jss1'),
('HSC/412/23', 'Wisdom', 'Joel', '27-04-13', 'Male', 'jss1'),
('HSC/413/23', 'Abdulmajeed', 'Kehinde', '', 'Male', 'jss1'),
('HSC/414/23', 'Adebayo', 'Eniola', '26-01-13', 'Female', 'jss1'),
('HSC/415/23', 'Adedoyin', 'Racheal', '03-05-13', 'Female', 'jss1'),
('HSC/416/23', 'Adeniyi', 'temiloluwa', '17-06-13', 'Female', 'jss1'),
('HSC/417/23', 'Afolayan', 'Precious', '15-04-13', 'Female', 'jss1'),
('HSC/418/23', 'Bako', 'Mujayidat', '25-01-11', 'Female', 'jss1'),
('HSC/419/23', 'Lukeman', 'Rashidat', '28-09-10', 'Female', 'jss1'),
('HSC/420/23', 'Moshood', 'Hadija', '05-07-10', 'Female', 'jss1'),
('HSC/421/23', 'Moshood', 'Nafisat', '09-01-11', 'Female', 'jss1'),
('HSC/422/23', 'Olorunjuwon', 'Demilade', '26-05-12', 'Male', 'jss1'),
('HSC/423/23', 'Olorunshola', 'Kehinde', '01-10-13', 'Male', 'jss1'),
('HSC/424/23', 'Olorunshola', 'Taiye', '01-10-13', 'Male', 'jss1'),
('HSC/425/23', 'Omoniyi', 'Semilore', '14-02-12', 'Male', 'jss1'),
('HSC/426/23', 'Saurdare', 'Aisha', '', '', 'jss1'),
('HSC/427/23', 'Fagbenja', 'Ayobami', '04-06-14', 'Male', 'jss1'),
('HSC/428/23', 'Osasme', 'Ayomiposi', '13-10-14', 'Female', 'jss1'),
('HSC/429/23', 'Samson', 'Bamidele', '14-12-12', 'Male', 'jss1'),
('HSC/430/23', 'Ibitoye', 'Deborah', '20-03-13', 'Female', 'jss1'),
('HSC/431/23', 'Owodunni', 'Ridwon', '04-05-11', '04-05-11', 'jss1'),
('HSC/432/23', 'Lukeman', 'Mariam', '10-07-11', 'Female', 'jss1'),
('HSC/433/23', 'Afolayan', 'Emmanuel', '28-05-11', 'Male', 'jss1'),
('HSC/434/23', 'Ibitoye', 'Jeremiah', '11-07-11', 'Male', 'jss1'),
('HSC/435/23', 'David', 'Olawole', '29-05-10', 'Male', 'jss1'),
('HSC/436/23', 'Godwin', 'Destiny', '11-02-11', 'Male', 'jss1'),
('HSC/437/23', 'Olorunjuwon', 'Samuel', '20-11-09', 'Male', 'jss1'),
('HSC/438/23', 'Adebayo', 'Gbemisola', '17-05-10', 'Female', 'jss1'),
('HSC/439/23', 'Abdulwahab', 'Sofiat', '01-08-10', 'Female', 'jss1'),
('HSC/440/23', 'Adedoyin', 'Koyinsola', 'Esther', 'Female', 'jss1'),
('HSC/441/23', 'Ayinde', 'Aliyah', '02-02-11', 'Female', 'jss1'),
('HSC/442/23', 'Olanrewaju', 'Blessing', '17-03-08', 'Female', 'jss1'),
('HSC/443/23', 'Afolayan', 'Deborah', '17-10-08', 'Female', 'jss1'),
('HSC/444/23', 'Ibitoye', 'Marvelous', '25-04-09', 'Male', 'jss1'),
('HSC/445/23', 'Ogimi', 'Goodness', '12-02-12', 'Female', 'jss1'),
('HSC/446/23', 'Adegboye', 'Oluwapelumi', '21-10-13', 'Male', 'jss1');

