DROP DATABASE IF EXISTS HAVILAH_SPRING_METROPOLITAN_COLLEGE
CREATE DATABASE HAVILAH_SPRING_METROPOLITAN_COLLEGE
USE HAVILAH_SPRING_METROPOLITAN_COLLEGE;


DROP TABLE IF EXISTS teachers_names;
CREATE TABLE teachers_names (
  teachers_id VARCHAR(50) NOT NULL,
  first_name VARCHAR(50) NOT NULL,
  last_name VARCHAR(50) NOT NULL,
  PRIMARY KEY (teachers_id)
); 

INSERT INTO teachers_names (teachers_id, first_name, last_name)
VALUES
('HSCT001', 'Evelin', 'Farmiloe'),
('HSCT002', 'Genna', 'Roderick'),
('HSCT003', 'Lorry', 'O''Gaven'),
('HSCT004', 'Caty', 'Alaway'),
('HSCT005', 'Cesya', 'Blaxley'),
('HSCT006', 'Gertrud', 'Doblin'),
('HSCT007', 'Dunn', 'Crutchley'),
('HSCT008', 'Jill', 'Rivalland'),
('HSCT009', 'Jules', 'Pickford'),
('HSCT010', 'Lacie', 'Brosh'),
('HSCT011', 'Randolf', 'Ludford'),
('HSCT012', 'Jerrilee', 'MacGille'),
('HSCT013', 'Zachary', 'Janny'),
('HSCT014', 'Britta', 'Boyson'),
('HSCT015', 'Yvette', 'Ortelt'),
('HSCT016', 'Julissa', 'Rissom'),
('HSCT017', 'Vinnie', 'Medforth'),
('HSCT018', 'Dyann', 'Galey'),
('HSCT019', 'Patti', 'Peyes');

DROP TABLE IF EXISTS teachers_classes;
CREATE TABLE teachers_classes (
  classes VARCHAR(50), 
  teachers_id VARCHAR(50)
  FOREIGN KEY REFERENCES teachers_names(teachers_id)
);

INSERT INTO teachers_classes (teachers_id, classes)
VALUES
('HSCT001', 'sss1, sss2, sss3'),
('HSCT002', 'jss1, jss2, jss3, sss1'),
('HSCT003', 'sss1, sss2'),
('HSCT004', 'jss1, jss2, jss3'),
('HSCT005', 'jss1, jss2, jss3'),
('HSCT006', 'Pry 5'),
('HSCT007', 'Pry 1'),
('HSCT008', 'Pry 2'),
('HSCT009', 'Nursery 2'),
('HSCT010', 'Nursery 1'),
('HSCT011', 'jss1, jss2, jss3'),
('HSCT012', 'sss1, sss2, sss3'),
('HSCT013', 'sss1, sss2, sss3'),
('HSCT014', 'sss1, sss2, sss3'),
('HSCT015', 'jss1, jss2, jss3'),
('HSCT016', 'Pre-School'),
('HSCT017', 'Pre-school'),
('HSCT018', 'Pry 3'),
('HSCT019', 'jss1, jss2, jss3');

DROP TABLE IF EXISTS teachers_salary;
CREATE TABLE teachers_salary (
  subjects VARCHAR(50),
  phone_number VARCHAR(50),
  age INT,
  gender VARCHAR(10),
  salary VARCHAR(50),
  teachers_id VARCHAR(50) 
  FOREIGN KEY REFERENCES teachers_names(teachers_id)
);

INSERT INTO teachers_salary (teachers_id, subjects, phone_number, age, gender, salary)
VALUES
('HSCT001', 'Economics, Geography', '070-194-171-24', 44, 'Female', 40000),
('HSCT002', 'French', '070-975-417-28', 36, 'Female', 90000),
('HSCT003', 'Accounting, Commerce', '080-677-406-73', 29, 'Female', 70000),
('HSCT004', 'Basic Tech, computer science', '080-624-878-29', 31, 'Male', 50000),
('HSCT005', 'Social Studies','081-631-097-71', 46, 'Female', 45000),
('HSCT006', 'Basic Science', '080-690-340-03', 35, 'Female', 60000),
('HSCT007', 'Basic Science', '080-326-435-51', 43, 'Male', 50000),
('HSCT008', 'Math', '070-352-355-56', 38, 'Male', 60000),
('HSCT009', 'Social Studies', '081-684-399-06', 40, 'Male', 60000),
('HSCT010', 'English Language', '080-653-062-81', 37, 'Male', 40000),
('HSCT011', 'Yoruba Language', '070-381-230-72', 36, 'Female', 40000),
('HSCT012', 'Physics, TechnicaL drawing', '081-029-647-04', 29, 'Female', 40000),
('HSCT013', 'English Language, Literature', '090-761-015-18', 61, 'Male', 70000),
('HSCT014', 'Animal Husbandry, Biology', '080-362-808-21', 46, 'Male', 45000),
('HSCT015', 'Business Studies, Mathematics', '081-625-806-37', 35, 'Female', 40000),
('HSCT016', 'All subjects', '090-688-607-10', 43, 'Female', 60000),
('HSCT017', 'All subjects', '070-334-143-45', 38, 'Female', 50000),
('HSCT018', 'Fine Arts', '080-696-563-23', 34, 'Female', 50000),
('HSCT019', 'Social Studies, History, CRS', '081-345-670-00', 34, 'Female', 50000);



DROP TABLE IF EXISTS Students_names
CREATE TABLE Students_names (
  admission_number VARCHAR(50) NOT NULL,
  first_name VARCHAR(50),
  last_name VARCHAR(50),
  PRIMARY KEY (admission_number)
);


INSERT INTO Students_names (admission_number, first_name, last_name)
VALUES 
('HSC/168/18', 'Yisa', 'Favourofgod'),
('HSC/169/18', 'Abdulganool', 'Omowunmi'),
('HSC/170/18', 'Akande', 'Aliyah'),
('HSC/171/18', 'Akintokun', 'Success'),
('HSC/172/18', 'Eleja', 'Mohammed'),
('HSC/173/18', 'Abayomi', 'Samuel'),
('HSC/174/18', 'Olusanya', 'Samuel'),
('HSC/175/18', 'Akintokun', 'Victor'),
('HSC/176/18', 'Olanipekun', 'Francis'),
('HSC/178/18', 'Adejumo', 'Nifemi'),
('HSC/179/18', 'Akande', 'Sulyman'),
('HSC/180/18', 'Abejide', 'Damilola'),
('HSC/181/18', 'Abdulgafar', 'Rasak'),
('HSC/182/18', 'Uade', 'Favour'),
('HSC/183/18', 'Oladoja', 'Marvelous'),
('HSC/184/18', 'Aro', 'Happiness'),
('HSC/185/18', 'Alabi', 'Aliyat'),
('HSC/186/18', 'Komolafe', 'Samuel'),
('HSC/187/18', 'Yahyah', 'Abdulgafar'),
('HSC/188/18', 'Adesina', 'Erioluwa'),
('HSC/189/18', 'Adewunmi', 'Oyindamola'),
('HSC/190/18', 'Abiodun', 'Ayomide'),
('HSC/191/18', 'Olowoleni', 'Favour'),
('HSC/192/18', 'Adegoke', 'Precious'),
('HSC/193/18', 'Mopa', 'Princess'),
('HSC/194/18', 'Aborisade', 'Rosemary'),
('HSC/195/18', 'Olasehinde', 'Queen'),
('HSC/196/18', 'Kolo', 'Elizabeth'),
('HSC/197/18', 'Ayerin', 'Imoleoluwa'),
('HSC/198/18', 'Ndazhaga', 'Comfort'),
('HSC/199/18', 'Abdulrauf', 'Fathia'),
('HSC/200/18', 'Onifade', 'Tope'),
('HSC/201/18', 'Ibiwoye', 'Damilola'),
('HSC/202/18', 'Ibiwoye', 'Victor'),
('HSC/203/18', 'Abdulrasaq', 'Semiu'),
('HSC/204/18', 'Abdularasaq', 'Muizz'),
('HSC/205/18', 'Adeniyi', 'Emmanuel'),
('HSC/206/18', 'Joshua', 'Tabitha'),
('HSC/207/18', 'Adekunle', 'Ifeoluwa'),
('HSC/208/18', 'Ajayi', 'Joy'),
('HSC/209/18', 'Paul', 'Preciuos'),
('HSC/210/18', 'Ndazhaga', 'Rapheal'),
('HSC/211/18', 'Joshua', 'George'),
('HSC/212/18', 'Adewunmi', 'Faith'),
('HSC/213/18', 'Olajide', 'David'),
('HSC/214/18', 'Olajide', 'Elizabeth'),
('HSC/215/18', 'Timothy', 'Beatrice'),
('HSC/216/18', 'Olonade', 'Oluwagbotemi'),
('HSC/217/18', 'Demas', 'John'),
('HSC/218/18', 'Joseph', 'Jenifa'),
('HSC/219/18', 'Mohammed', 'Musa'),
('HSC/220/19', 'Shittu', 'Aaron'),
('HSC/221/19', 'Ugochukwu', 'Goodluck'),
('HSC/222/19', 'Yusuf', 'Mubarak'),
('HSC/223/19', 'Udoh', 'Precious'),
('HSC/224/19', 'Olajide', 'Precious'),
('HSC/225/19', 'Aderemi', 'Oluwatoyosi'),
('HSC/226/19', 'Olasehinde', 'John'),
('HSC/227/19', 'Ogunjobi', 'Blessing'),
('HSC/228/19', 'Oluwashola', 'Olamide'),
('HSC/229/19', 'Oderinde', 'Oyindamola'),
('HSC/230/19', 'Oyegbata', 'Helen'),
('HSC/231/19', 'Okose', 'Miracle'),
('HSC/232/19', 'Ojo', 'Loveth'),
('HSC/233/19', 'Agbuusu', 'Precious'),
('HSC/234/19', 'Mumini', 'Ismail'),
('HSC/235/19', 'Mumini', 'Sulaiman'),
('HSC/236/19', 'Abdullahi', 'Toheeb'),
('HSC/237/19', 'Adenigba', 'Bashit'),
('HSC/238/19', 'Ibrahim', 'Kabir'),
('HSC/239/19', 'Ajiboye', 'Deborah'),
('HSC/240/19', 'Abejide', 'Eniola'),
('HSC/241/19', 'Olanrewaju', 'Promise'),
('HSC/242/19', 'Uthman', 'Sulaiman'),
('HSC/243/19', 'Agunbiade', 'Abdulsamad'),
('HSC/244/19', 'Adedamola', 'Oluwaferanmi'),
('HSC/245/19', 'Falola', 'Oluwasegun'),
('HSC/246/19', 'Isiaka', 'Azeezat'),
('HSC/247/19', 'Blessing', 'Osasona'),
('HSC/248/19', 'Sanni', 'Wasilat'),
('HSC/249/19', 'Emmanuel', 'Abraham'),
('HSC/250/19', 'Joshua', 'Stephanie'),
('HSC/251/19', 'Johnson', 'Awesome'),
('HSC/252/19', 'Olajide', 'Samuel'),
('HSC/253/19', 'Amao', 'Emmanuel'),
('HSC/254/19', 'Adebayo', 'Tejumola'),
('HSC/254B/19', 'Oyeniyi', 'Precious'),
('HSC/253B/19', 'Oyeniyi', 'David'),
('HSC/252B/19', 'Olatunde', 'Solomon'),
('HSC/251B/19', 'Adeyemi', 'Folakunmi'),
('HSC/250B/19', 'Adeusi', 'Success'),
('HSC/249B/19', 'Oladipupo', 'Marvelous'),
('HSC/248B/19', 'Bioh', 'James'),
('HSC/247B/19', 'Adetifa', 'Elijah'),
('HSC/246B/19', 'Babalola', 'Jesupelumi'),
('HSC/255/20', 'Adekunle', 'Adeniyi'),
('HSC/256/20', 'Jayeola', 'Mayokun'),
('HSC/257/20', 'Dada', 'Aisha'),
('HSC/258/20', 'Richard', 'Enoch'),
('HSC/259/20', 'David', 'Marvelous'),
('HSC/260/20', 'David', 'Okiki'),
('HSC/261/20', 'Muritala', 'Faith'),
('HSC/262/20', 'Ogunjobi', 'Ruth'),
('HSC/263/20', 'Modu', 'Wisdom'),
('HSC/264/20', 'Mnguuma', 'Saviour'),
('HSC/265/20', 'Abodunrin', 'Samuel'),
('HSC/266/20', 'Olatunde', 'Sarah'),
('HSC/267/20', 'Akinola', 'Ayobami'),
('HSC/268/20', 'Afolabi', 'Inioluwa'),
('HSC/269/20', 'Fadeyibi', 'Emmanuella'),
('HSC/270/20', 'Kolawole', 'Joseph'),
('HSC/271/20', 'Olumo', 'Fatima'),
('HSC/272/20', 'Adewole', 'Iyanu'),
('HSC/273/20', 'Adewunmi', 'Joan'),
('HSC/274/20', 'Abdulroheem', 'Abdulrasak'),
('HSC/275/20', 'Abdulrauf', 'Baliqis'),
('HSC/276/20', 'Afolabi', 'Daniel'),
('HSC/277/20', 'Oladipupo', 'Rachael'),
('HSC/278/20', 'Olamiji', 'Opadere'),
('HSC/279/20', 'Ogungbeje', 'Olumide'),
('HSC/280/20', 'Oladimeji', 'Wasilat'),
('HSC/281/20', 'Alabi', 'Wasilat'),
('HSC/282/20', 'Olaniyi', 'Precious'),
('HSC/283/20', 'Akinola', 'Funmilola'),
('HSC/284/20', 'Benjamin', 'Gloryofgod'),
('HSC/285/20', 'Benjamin', 'Sarah'),
('HSC/286/20', 'Ayanwole', 'Amos'),
('HSC/287/20', 'Yisa', 'Visionofgod'),
('HSC/288/20', 'Adeyemo', 'Stephen'),
('HSC/289/20', 'Oyegbata', 'Gbolahan'),
('HSC/290/20', 'Lambe', 'Grace'),
('HSC/291/20', 'Ojo', 'Martins'),
('HSC/292/20', 'Aderibigbe', 'Mercy'),
('HSC/293/20', 'Bamigboye', 'Enoch'),
('HSC/294/20', 'Olaoye', 'Praise'),
('HSC/295/20', 'Saliu', 'Shina'),
('HSC/296/20', 'Mahamoud', 'Queen'),
('HSC/297/20', 'Abdulkareem', 'Waliyullahi'),
('HSC/298/20', 'Oboh', 'Cynthia'),
('HSC/299/20', 'Abdulrasaq', 'Abdulsemiu'),
('HSC/300/20', 'Yahaya', 'Aminat'),
('HSC/317/21', 'Kabir', 'Muhammed'),
('HSC/318/21', 'Babalola', 'Abdulralam'),
('HSC/319/21', 'Fayomi', 'Ilerioluwa'),
('HSC/320/21', 'Onilude', 'Adunife'),
('HSC/321/21', 'Shittu', 'Oluwatimilehin'),
('HSC/322/21', 'Umeh', 'Emmanuella'),
('HSC/323/21', 'Umeh', 'Peace'),
('HSC/324/21', 'Fadgbenja', 'Ayomide'),
('HSC/325/21', 'Alabi', 'Deborah'),
('HSC/326/21', 'Kabir', 'Maryam'),
('HSC/327/21', 'Ezekiel', 'Olamide'),
('HSC/328/21', 'Jimoh', 'Nafisat'),
('HSC/329/21', 'Ezekiel', 'Praise'),
('HSC/330/21', 'Issa', 'Favour'),
('HSC/331/21', 'Akintikun', 'Beloved'),
('HSC/332/21', 'Alademehin', 'Favour'),
('HSC/333/21', 'Balogun', 'Faruq'),
('HSC/334/21', 'Isiaka', 'Fathia'),
('HSC/335/21', 'Oluwashola', 'Faith'),
('HSC/336/21', 'Amos', 'Loveth'),
('HSC/337/21', 'Emmanuel', 'Gold'),
('HSC/338/21', 'Adedire', 'Rebacca'),
('HSC/339/21', 'Owolabi', 'Mercy'),
('HSC/340/21', 'Sofiat', 'Sidiq'),
('HSC/341/21', 'Olusanya', 'Elizabeth'),
('HSC/342/21', 'Ezekiel', 'Naomi'),
('HSC/343/21', 'Odunayo', 'Emmanuel'),
('HSC/344/21', 'Malomo', 'Semilore'),
('HSC/345/21', 'Emmanuel', 'Chononso'),
('HSC/346/21', 'Morenikeji', 'Sharon'),
('HSC/347/21', 'Adekunle', 'Mariam'),
('HSC/348/21', 'Daniel', 'Nsisong'),
('HSC/349/21', 'Odo', 'Loveth'),
('HSC/350/21', 'Mopa', 'Princess'),
('HSC/351/21', 'Samson', 'Godwin'),
('HSC/352/21', 'Gideon', 'Blessing'),
('HSC/353/21', 'Olaiya', 'Damilola'),
('HSC/354/21', 'Mubaraka', 'Eleja'),
('HSC/355/21', 'Adebayo', 'Ifeoluwa'),
('HSC/356/21', 'Aborisade', 'Veronica'),
('HSC/357/21', 'Olugbami', 'Daniel'),
('HSC/358/21', 'Jacob', 'King'),
('HSC/359/21', 'Abdukadir', 'Ibrahim'),
('HSC/360/21', 'Immosemi', 'Emmanuel'),
('HSC/361/21', 'Adebisi', 'Ayomide'),
('HSC/362/21', 'Salami', 'Oluwatosin'),
('HSC/363/22', 'Oladele', 'Gideon'),
('HSC/364/22', 'Oloyede', 'Peter'),
('HSC/365/22', 'Ojo', 'William'),
('HSC/366/22', 'Abdulrasheed', 'Lukemon'),
('HSC/367/22', 'Julius', 'Favour'),
('HSC/368/22', 'Babayeju', 'Deric'),
('HSC/369/22', 'Ogungbeje', 'Bolade'),
('HSC/370/22', 'Adebayo', 'Heritage'),
('HSC/371/22', 'Amao', 'Favour'),
('HSC/372/22', 'Adeyemo', 'Inioluwa'),
('HSC/373/22', 'Abiola', 'Blessing'),
('HSC/374/22', 'Balogun', 'Aishat'),
('HSC/375/22', 'Yoana', 'Christopher'),
('HSC/376/22', 'Afolabi', 'Mercy'),
('HSC/377/22', 'Odion', 'Demilade'),
('HSC/378/22', 'Soliu', 'Abdulquadir'),
('HSC/379/22', 'Soliu', 'Abdulquadir'),
('HSC/380/22', 'Lukman', 'Abidat'),
('HSC/381/22', '', ''),
('HSC/382/22', 'Ezekiel', 'Happiness'),
('HSC/383/22', 'Yoane', 'Emmanuel'),
('HSC/384/22', 'Omolade', 'Bolaji'),
('HSC/385/22', 'Oladele', 'Favour'),
('HSC/386/22', 'Ayinla', 'Oreoluwa'),
('HSC/387/22', 'Abdulquadir', 'Rodiat'),
('HSC/388/22', 'Olumo', 'Ibrahim'),
('HSC/389/22', 'Usuf', 'Adebayo'),
('HSC/390/22', 'Abdulkadir', 'Qudus'),
('HSC/391/22', 'Afolabi', 'Mercy'),
('HSC/392/22', 'Sulu-Gambari', 'Shaoban'),
('HSC/393/22', 'Mmguma', 'Favour'),
('HSC/394/22', 'Oladipupo', 'John'),
('HSC/395/22', 'Usuf', 'Ademola'),
('HSC/396/22', 'Adedayo', 'Akorede'),
('HSC/397/22', 'Oluwatosin', 'Emmanuel'),
('HSC/397B/22', 'Arisekola', 'Toyib'),
('HSC/398/23', 'Abdulmajeed', 'Jamiu'),
('HSC/399/23', 'Adebisi', 'Victor'),
('HSC/400/23', 'Adedeji', 'Samuel'),
('HSC/401/23', 'Adedamola', 'Daniel'),
('HSC/402/23', 'Dada', 'Sodiq'),
('HSC/403/23', 'Adedamola', 'Gabriel'),
('HSC/404/23', 'Dada', 'Yahaya'),
('HSC/405/23', 'Hamzat', 'Nuyideen'),
('HSC/406/23', 'Magaji', 'Jamiu'),
('HSC/407/23', 'Prince', 'Emmanuel'),
('HSC/408/23', 'Oladunjoye', 'Lucas'),
('HSC/409/23', 'Sikiru', 'Kazeem'),
('HSC/410/23', 'Oyegbata', 'Oyindamola'),
('HSC/411/23', 'Titiloye', 'Olarewaju'),
('HSC/412/23', 'Wisdom', 'Joel'),
('HSC/413/23', 'Abdulmajeed', 'Kehinde'),
('HSC/414/23', 'Adebayo', 'Eniola'),
('HSC/415/23', 'Adedoyin', 'Racheal'),
('HSC/416/23', 'Adeniyi', 'temiloluwa'),
('HSC/417/23', 'Afolayan', 'Precious'),
('HSC/418/23', 'Bako', 'Mujayidat'),
('HSC/419/23', 'Lukeman', 'Rashidat'),
('HSC/420/23', 'Moshood', 'Hadija'),
('HSC/421/23', 'Moshood', 'Nafisat'),
('HSC/422/23', 'Olorunjuwon', 'Demilade'),
('HSC/423/23', 'Olorunshola', 'Kehinde'),
('HSC/424/23', 'Olorunshola', 'Taiye'),
('HSC/425/23', 'Omoniyi', 'Semilore'),
('HSC/426/23', 'Saurdare', 'Aisha'),
('HSC/427/23', 'Fagbenja', 'Ayobami'),
('HSC/428/23', 'Osasme', 'Ayomiposi'),
('HSC/429/23', 'Samson', 'Bamidele'),
('HSC/430/23', 'Ibitoye', 'Deborah'),
('HSC/431/23', 'Owodunni', 'Ridwon'),
('HSC/432/23', 'Lukeman', 'Mariam'),
('HSC/433/23', 'Afolayan', 'Emmanuel'),
('HSC/434/23', 'Ibitoye', 'Jeremiah'),
('HSC/435/23', 'David', 'Olawole'),
('HSC/436/23', 'Godwin', 'Destiny'),
('HSC/437/23', 'Olorunjuwon', 'Samuel'),
('HSC/438/23', 'Adebayo', 'Gbemisola'),
('HSC/439/23', 'Abdulwahab', 'Sofiat'),
('HSC/440/23', 'Adedoyin', 'Koyinsola'),
('HSC/441/23', 'Ayinde', 'Aliyah'),
('HSC/442/23', 'Olanrewaju', 'Blessing'),
('HSC/443/23', 'Afolayan', 'Deborah'),
('HSC/444/23', 'Ibitoye', 'Marvelous'),
('HSC/445/23', 'Ogimi', 'Goodness'),
('HSC/446/23', 'Adegboye', 'Oluwapelumi');


DROP TABLE IF EXISTS Students_data 
CREATE TABLE Students_data (
      date_of_birth VARCHAR(50),
	  gender VARCHAR(10),
	  Class VARCHAR(50),
	  admission_number VARCHAR(50)
	  FOREIGN KEY REFERENCES Students_names(admission_number)
	  );

INSERT INTO Students_data (admission_number, date_of_birth, gender, Class)
VALUES
('HSC/168/18', '21-09-08', 'Female', 'sss3'),
('HSC/169/18', '19-01-05', 'Female', 'sss3'),
('HSC/170/18', '27-04-09', 'Female', 'sss3'),
('HSC/171/18', '23-04-06', 'Male', 'sss3'),
('HSC/172/18', '23-03-09', 'Male', 'sss3'),
('HSC/173/18', '27-08-06', 'Male', 'sss3'),
('HSC/174/18', '27-02-07', 'Male', 'sss3'),
('HSC/175/18', '30-01-06', 'Male', 'sss3'),
('HSC/176/18', '09-06-09', 'Male', 'sss3'),
('HSC/178/18', '02-03-09', 'Female', 'sss3'),
('HSC/179/18', '02-02-08', 'Female', 'sss3'),
('HSC/180/18', '06-09-09', 'Male', 'sss3'),
('HSC/181/18', '15-07-06', 'Female', 'sss3'),
('HSC/182/18', '07-01-09', 'Male', 'sss3'),
('HSC/183/18', '23-08-05', 'Female', 'sss3'),
('HSC/184/18', '19-08-09', 'Male', 'sss3'),
('HSC/185/18', '02-05-08', 'Female', 'sss3'),
('HSC/186/18', '20-04-08', 'Female', 'sss3'),
('HSC/187/18', '07-09-07', 'Male', 'sss3'),
('HSC/188/18', '26-06-06', 'Male', 'sss3'),
('HSC/189/18', '18-12-07', 'Male', 'sss3'),
('HSC/190/18', '20-10-04', 'Female', 'sss3'),
('HSC/191/18', '22-02-05', 'Male', 'sss3'),
('HSC/192/18', '13-02-09', 'Female', 'sss3'),
('HSC/193/18', '20-05-08', 'Female', 'sss3'),
('HSC/194/18', '10-06-08', 'Female', 'sss3'),
('HSC/195/18', '22-06-07', 'Female', 'sss3'),
('HSC/196/18', '19-05-09', 'Female', 'sss3'),
('HSC/197/18', '28-10-07', 'Female', 'sss3'),
('HSC/198/18', '10-06-08', 'Female', 'sss3'),
('HSC/199/18', '07-09-07', 'Female', 'sss3'),
('HSC/200/18', '13-10-08', 'Female', 'sss3'),
('HSC/201/18', '29-11-96', 'Female', 'sss3'),
('HSC/202/18', '02-13-06', 'Female', 'sss3'),
('HSC/203/18', '31-12-02', 'Male', 'sss3'),
('HSC/204/18', '16-04-07', 'Male', 'sss3'),
('HSC/205/18', '22-12-05', 'Male', 'sss3'),
('HSC/206/18', '31-10-05', 'Male', 'sss3'),
('HSC/207/18', '18-06-07', 'Female', 'sss3'),
('HSC/208/18', '05-08-07', 'Female', 'sss3'),
('HSC/209/18', '21-09-05', 'Female', 'sss3'),
('HSC/210/18', '09-02-08', 'Female', 'sss3'),
('HSC/211/18', '22-05-04', 'Female', 'sss3'),
('HSC/212/18', '16-04-07', 'Male', 'sss3'),
('HSC/213/18', '22-12-05', 'Female', 'sss3'),
('HSC/214/18', '31-10-05', 'Male', 'sss3'),
('HSC/215/18', '29-11-18', 'Female', 'sss3'),
('HSC/216/18', '09-01-08', 'Female', 'sss3'),
('HSC/217/18', '17-10-05', 'Female', 'sss3'),
('HSC/218/18', '25-08-07', 'Male', 'sss3'),
('HSC/219/18', '25-06-02', 'Female', 'sss3'),
('HSC/220/19', '24-12-03', 'Male', 'sss3'),
('HSC/221/19', '', 'Male', 'sss2'),
('HSC/222/19', '', 'Male', 'sss2'),
('HSC/223/19', '', 'Male', 'sss2'),
('HSC/224/19', '', 'Female', 'sss2'),
('HSC/225/19', '', 'Female', 'sss2'),
('HSC/226/19', '', 'Female', 'sss2'),
('HSC/227/19', '', 'Male', 'sss2'),
('HSC/228/19', '', 'Female', 'sss2'),
('HSC/229/19', '', 'Male', 'sss2'),
('HSC/230/19', '', 'Female', 'sss2'),
('HSC/231/19', '', 'Female', 'sss2'),
('HSC/232/19', '', 'Male', 'sss2'),
('HSC/233/19', '', 'Female', 'sss2'),
('HSC/234/19', '', 'Female', 'sss2'),
('HSC/235/19', '', 'Male', 'sss2'),
('HSC/236/19', '', 'Male', 'sss2'),
('HSC/237/19', '', 'Male', 'sss2'),
('HSC/238/19', '', 'Male', 'sss2'),
('HSC/239/19', '', 'Male', 'sss2'),
('HSC/240/19', '', 'Female', 'sss2'),
('HSC/241/19', '', 'Male', 'sss2'),
('HSC/242/19', '', 'Male', 'sss2'),
('HSC/243/19', '', 'Male', 'sss2'),
('HSC/244/19', '', 'Male', 'sss2'),
('HSC/245/19', '', 'Male', 'sss2'),
('HSC/246/19', '', 'Male', 'sss2'),
('HSC/247/19', '', 'Female', 'sss2'),
('HSC/248/19', '', 'Female', 'sss2'),
('HSC/249/19', '', 'Female', 'sss2'),
('HSC/250/19', '', 'Male', 'sss2'),
('HSC/251/19', '', 'Male', 'sss2'),
('HSC/252/19', '', 'Male', 'sss2'),
('HSC/253/19', '', 'Male', 'sss2'),
('HSC/254/19', '', 'Male', 'sss2'),
('HSC/254B/19', '', 'Male', 'sss2'),
('HSC/253B/19', '', 'Female', 'sss2'),
('HSC/252B/19', '', 'Male', 'sss2'),
('HSC/251B/19', '', 'Male', 'sss2'),
('HSC/250B/19', '', 'Female', 'sss2'),
('HSC/249B/19', '', 'Female', 'sss2'),
('HSC/248B/19', '', 'Male', 'sss2'),
('HSC/247B/19', '', 'Male', 'sss2'),
('HSC/246B/19', '', 'Male', 'sss2'),
('HSC/255/20', '', 'Female', 'sss2'),
('HSC/256/20', '28-08-09', 'Male', 'sss1'),
('HSC/257/20', '01-05-10', 'Female', 'sss1'),
('HSC/258/20', '11-06-07', 'Female', 'sss1'),
('HSC/259/20', '10-11-11', 'Male', 'sss1'),
('HSC/260/20', '06-07-06', 'Male', 'sss1'),
('HSC/261/20', '28-01-10', 'Male', 'sss1'),
('HSC/262/20', '31-12-09', 'Female', 'sss1'),
('HSC/263/20', '22-04-09', 'Female', 'sss1'),
('HSC/264/20', '', 'Male', 'sss1'),
('HSC/265/20', '29-05-08', 'Male', 'sss1'),
('HSC/266/20', '24-09-08', 'Male', 'sss1'),
('HSC/267/20', '16-12-05', 'Female', 'sss1'),
('HSC/268/20', '15-04-10', 'Female', 'sss1'),
('HSC/269/20', '14-02-10', 'Female', 'sss1'),
('HSC/270/20', '06-04-10', 'Female', 'sss1'),
('HSC/271/20', '14-10-10', 'Male', 'sss1'),
('HSC/272/20', '09-02-10', 'Female', 'sss1'),
('HSC/273/20', '05-05-05', 'Female', 'sss1'),
('HSC/274/20', '10-07-11', 'Female', 'sss1'),
('HSC/275/20', '04-11-09', 'Male', 'sss1'),
('HSC/276/20', '04-11-09', 'Female', 'sss1'),
('HSC/277/20', '28-01-09', 'Male', 'sss1'),
('HSC/278/20', '', 'Female', 'sss1'),
('HSC/279/20', '', 'Male', 'sss1'),
('HSC/280/20', '', 'Male', 'sss1'),
('HSC/281/20', '', 'Female', 'sss1'),
('HSC/282/20', '', 'Female', 'sss1'),
('HSC/283/20', '', 'Female', 'sss1'),
('HSC/284/20', '', 'Female', 'sss1'),
('HSC/285/20', '', 'Female', 'sss1'),
('HSC/286/20', '', 'Female', 'sss1'),
('HSC/287/20', '', 'Male', 'sss1'),
('HSC/288/20', '', 'Female', 'sss1'),
('HSC/289/20', '', 'Male', 'sss1'),
('HSC/290/20', '', 'Male', 'sss1'),
('HSC/291/20', '', 'Female', 'sss1'),
('HSC/292/20', '', 'Male', 'sss1'),
('HSC/293/20', '', 'Female', 'sss1'),
('HSC/294/20', '', 'Male', 'sss1'),
('HSC/295/20', '', 'Male', 'sss1'),
('HSC/296/20', '', 'Male', 'sss1'),
('HSC/297/20', '', 'Female', 'sss1'),
('HSC/298/20', '', 'Male', 'sss1'),
('HSC/299/20', '', 'Female', 'sss1'),
('HSC/300/20', '', 'Male', 'sss1'),
('HSC/317/21', '20-02-09', 'Female', 'sss1'),
('HSC/318/21', '19-06-12', 'Male', 'jss3'),
('HSC/319/21', '17-10-11', 'Male', 'jss3'),
('HSC/320/21', '07-05-11', 'Female', 'jss3'),
('HSC/321/21', '09-06-10', 'Female', 'jss3'),
('HSC/322/21', '19-06-12', 'Male', 'jss3'),
('HSC/323/21', '28-02-09', 'Female', 'jss3'),
('HSC/324/21', '20-02-07', 'Female', 'jss3'),
('HSC/325/21', '22-01-11', 'Male', 'jss3'),
('HSC/326/21', '20-10-11', 'Female', 'jss3'),
('HSC/327/21', '16-11-10', 'Male', 'jss3'),
('HSC/328/21', '25-03-09', 'Female', 'jss3'),
('HSC/329/21', '04-10-07', 'Female', 'jss3'),
('HSC/330/21', '20-03-10', 'Male', 'jss3'),
('HSC/331/21', '08-02-11', 'Female', 'jss3'),
('HSC/332/21', '', 'Male', 'jss3'),
('HSC/333/21', '07-10-11', 'Male', 'jss3'),
('HSC/334/21', '', 'Female', 'jss3'),
('HSC/335/21', '08-09-11', 'Male', 'jss3'),
('HSC/336/21', '05-09-11', 'Female', 'jss3'),
('HSC/337/21', '22-09-11', 'Male', 'jss3'),
('HSC/338/21', '', 'Female', 'jss3'),
('HSC/339/21', '09-04-11', 'Female', 'jss3'),
('HSC/340/21', '03-03-12', 'Female', 'jss3'),
('HSC/341/21', '19-09-21', 'Female', 'jss3'),
('HSC/342/21', '16-11-10', 'Female', 'jss3'),
('HSC/343/21', '26-10-10', 'Male', 'jss3'),
('HSC/344/21', '', 'Male', 'jss3'),
('HSC/345/21', '16-05-12', 'Male', 'jss3'),
('HSC/346/21', '15-02-11', 'Female', 'jss3'),
('HSC/347/21', '', 'Female', 'jss3'),
('HSC/348/21', '23-04-13', 'Male', 'jss3'),
('HSC/349/21', '22-07-11', 'Female', 'jss3'),
('HSC/350/21', '10-02-09', 'Female', 'jss3'),
('HSC/351/21', '12-05-10', 'Male', 'jss3'),
('HSC/352/21', '11-05-11', 'Female', 'jss3'),
('HSC/353/21', '01-04-11', 'Female', 'jss3'),
('HSC/354/21', '01-04-10', 'Male', 'jss3'),
('HSC/355/21', '30-10-10', 'Female', 'jss3'),
('HSC/356/21', '20-08-10', 'Female', 'jss3'),
('HSC/357/21', '06-04-11', 'Male', 'jss3'),
('HSC/358/21', '', 'Male', 'jss3'),
('HSC/359/21', '', 'Male', 'jss3'),
('HSC/360/21', '', 'Male', 'jss3'),
('HSC/361/21', '', 'Female', 'jss3'),
('HSC/362/21', '10-10-10', 'Male', 'jss3'),
('HSC/363/22', '03-02-11', 'Male', 'jss2'),
('HSC/364/22', '16-11-11', 'Male', 'jss2'),
('HSC/365/22', '03-03-12', 'Male', 'jss2'),
('HSC/366/22', '17-10-10', 'Male', 'jss2'),
('HSC/367/22', '02-02-11', 'Male', 'jss2'),
('HSC/368/22', '', 'Male', 'jss2'),
('HSC/369/22', '07-10-12', 'Male', 'jss2'),
('HSC/370/22', '07-12-11', 'Male', 'jss2'),
('HSC/371/22', '05-08-12', 'Male', 'jss2'),
('HSC/372/22', '12-03-11', 'Female', 'jss2'),
('HSC/373/22', '07-02-11', 'Female', 'jss2'),
('HSC/374/22', '08-09-11', 'Male', 'jss2'),
('HSC/375/22', '26-02-12', 'Male', 'jss2'),
('HSC/376/22', '20-04-23', 'Female', 'jss2'),
('HSC/377/22', '28-04-10', 'Male', 'jss2'),
('HSC/378/22', '', 'Male', 'jss2'),
('HSC/379/22', '20-09-09', 'Male', 'jss2'),
('HSC/380/22', '28-03-09', 'Male', 'jss2'),
('HSC/381/22', '', '', 'jss2'),
('HSC/382/22', '11-07-08', 'Female', 'jss2'),
('HSC/383/22', '03-04-09', 'Male', 'jss2'),
('HSC/384/22', '10-11-10', 'Female', 'jss2'),
('HSC/385/22', '08-04-06', 'Male', 'jss2'),
('HSC/386/22', '10-11-08', 'Male', 'jss2'),
('HSC/387/22', '23-09-10', 'Female', 'jss2'),
('HSC/388/22', '13-07-12', 'Male', 'jss2'),
('HSC/389/22', '', '22-04-12', 'jss2'),
('HSC/390/22', '01-03-13', 'Male', 'jss2'),
('HSC/391/22', '20-04-12', 'Female', 'jss2'),
('HSC/392/22', '30-03-12', 'Male', 'jss2'),
('HSC/393/22', '20-10-12', 'Male', 'jss2'),
('HSC/394/22', '20-03-12', 'Male', 'jss2'),
('HSC/395/22', '', 'Male', 'jss2'),
('HSC/396/22', '', 'Male', 'jss2'),
('HSC/397/22', '', 'Male', 'jss2'),
('HSC/397B/22', '', 'Male', 'jss2'),
('HSC/398/23', '', 'Male', 'jss1'),
('HSC/399/23', '09-07-12', 'Male', 'jss1'),
('HSC/400/23', '09-09-13', 'Male', 'jss1'),
('HSC/401/23', '17-01-13', 'Male', 'jss1'),
('HSC/402/23', '02-02-12', 'Male', 'jss1'),
('HSC/403/23', '07-05-14', 'Male', 'jss1'),
('HSC/404/23', '11-09-12', 'Male', 'jss1'),
('HSC/405/23', '15-06-12', 'Male', 'jss1'),
('HSC/406/23', '25-08-11', 'Male', 'jss1'),
('HSC/407/23', '26-11-11', 'Male', 'jss1'),
('HSC/408/23', '', '', 'jss1'),
('HSC/409/23', '11-04-13', 'Male', 'jss1'),
('HSC/410/23', '06-01-13', 'Female', 'jss1'),
('HSC/411/23', '28-05-11', 'Male', 'jss1'),
('HSC/412/23', '27-04-13', 'Male', 'jss1'),
('HSC/413/23', '', 'Male', 'jss1'),
('HSC/414/23', '26-01-13', 'Female', 'jss1'),
('HSC/415/23', '03-05-13', 'Female', 'jss1'),
('HSC/416/23', '17-06-13', 'Female', 'jss1'),
('HSC/417/23', '15-04-13', 'Female', 'jss1'),
('HSC/418/23', '25-01-11', 'Female', 'jss1'),
('HSC/419/23', '28-09-10', 'Female', 'jss1'),
('HSC/420/23', '05-07-10', 'Female', 'jss1'),
('HSC/421/23', '09-01-11', 'Female', 'jss1'),
('HSC/422/23', '26-05-12', 'Male', 'jss1'),
('HSC/423/23', '01-10-13', 'Male', 'jss1'),
('HSC/424/23', '01-10-13', 'Male', 'jss1'),
('HSC/425/23', '14-02-12', 'Male', 'jss1'),
('HSC/426/23', '', '', 'jss1'),
('HSC/427/23', '04-06-14', 'Male', 'jss1'),
('HSC/428/23', '13-10-14', 'Female', 'jss1'),
('HSC/429/23', '14-12-12', 'Male', 'jss1'),
('HSC/430/23', '20-03-13', 'Female', 'jss1'),
('HSC/431/23', '04-05-11', '04-05-11', 'jss1'),
('HSC/432/23', '10-07-11', 'Female', 'jss1'),
('HSC/433/23', '28-05-11', 'Male', 'jss1'),
('HSC/434/23', '11-07-11', 'Male', 'jss1'),
('HSC/435/23', '29-05-10', 'Male', 'jss1'),
('HSC/436/23', '11-02-11', 'Male', 'jss1'),
('HSC/437/23', '20-11-09', 'Male', 'jss1'),
('HSC/438/23', '17-05-10', 'Female', 'jss1'),
('HSC/439/23', '01-08-10', 'Female', 'jss1'),
('HSC/440/23', '', 'Female', 'jss1'),
('HSC/441/23', '02-02-11', 'Female', 'jss1'),
('HSC/442/23', '17-03-08', 'Female', 'jss1'),
('HSC/443/23', '17-10-08', 'Female', 'jss1'),
('HSC/444/23', '25-04-09', 'Male', 'jss1'),
('HSC/445/23', '12-02-12', 'Female', 'jss1'),
('HSC/446/23', '02-07-10', 'Male', 'jss1');
